card_id,Winner?,B1,B2,B3,B4,B5,I1,I2,I3,I4,I5,N1,N2,N3,N4,N5,G1,G2,G3,G4,G5,O1,O2,O3,O4,O5
13,WINNER,Poverty,Corrupt local government,Terrorist attacks,Ruby Festival,Opal Festival,Terrance does not qualify in NHFP,Amelia steps down as medical director,It was all a dream,Solar dies,Maybelle falls ill,Prodigies,Library date,FREE,Promise to see each other again,Homocide,Surgical catastrophe,Slapping,Rina has a daughter,Maybelle is stabbed,Enchanted rubies,Blindness,Guilt,Birthday party,Koffee doesn't like the color yellow,Terrance dyes his hair purple
2,WINNER,Library date,Character is struck by lightening,"3 tortured, naked men",Stabbing,Ignoring our pain doesn't make us strong.,Impulsive breakup,Insomnia,Pristine District is under attack,Maybelle dies,House fire,Terrance does not qualify in NHFP,Basil wins the lottery,FREE,Terrance dyes his hair purple,Amputations,Drunk scenes,Ruby Festival,Koffee and Terrance get engaged,Hero dies,Library date,Religious cult,Kissing,Terrance goes to jail,Corrupt local government,First kiss
12,WINNER,Protagonist death,Insomnia,Solar dies,Amelia steps down as medical director,Terrance goes to jail,Flow Reblance Manuever is awarded,Daddy issues,Ravioli approved,Pill magic,Religious cult,Allergic reactions,Koffee strangles Maybelle,FREE,Koffee does not qualify in NHFP,Birthday scene,Terrance dyes his hair hot pink,It was all a dream,Nessa dies,Infidelity,Religious cult,French kiss,Therapy,Morgan institute loses its reputation,Long distance relationship,Amputations
5,WINNER,Stabbing,Opal Festival,Bloodbend,Surgical catastrophe,Koffee wrestles an alligator,Circle ending,You homewrecker!,Allergic reactions,Terrorist attacks,Summer festival,Maybelle falls ill,Basil wins the lottery,FREE,Koffee loses an ear,Morgan institute loses its reputation,Ghosting,Maybelle is stabbed,Enchanted rubies,Enchanted rubies,Koffee is fired,Blueberry pie,Missing person is reported for Koffee,They all become doctors,Impulsive breakup,Homocide
14,WINNER,Stewart is a psychopath,Terrance is fired,Sex scene,Child abuse,Maybelle is stabbed,Solar dies,Flow Reblance Manuever is awarded,Drunk boys at prom,Third act break up,Alien invasion,First kiss,Homocide,FREE,Breakfast scene,Maybelle falls ill,Third act break up,Pregancies,Birthday party,Sixth sense: beos,Terrance goes to jail,Opera scene,Blindness,Morgan institute loses its reputation,Birthday scene,Addiction
11,LOSER,Mock exam scene,Pill magic,Koffee wrestles an alligator,Enchanted rubies,Addiction,Over twenty fetuses are aborted,Adopted family,Hair chopping scene,Ghosting,Birthday party,Stabbing,Beach breakup,FREE,Nova dies,Infidelity,Terrance is arrested,"""You're one in a million.""",Homocide,Blueberry pie,First kiss,Maybelle is stabbed,Mommy issues,Sixth sense: beos,Sex scene,They all become doctors
15,LOSER,Nova dies,Mad scientists,Mommy issues,Sex scene,Promise to see each other again,Pregancies,Terrance nearly files missing person report,Terrance goes to jail,Terrance does not qualify in NHFP,Child abuse,Over twenty fetuses are aborted,Long distance relationship,FREE,Manipulation,Koffee punches Terrance,Beach breakup,Guilt,Maybelle falls ill,Alien invasion,Opal Festival,Corrupt local government,House fire,Infidelity,Stewart is a psychopath,Koffee and Terrance get engaged
4,LOSER,Kissing,Poisoning,Sex scene,Koffee does not qualify in NHFP,Blindness,Slapping,Therapy,Prodigies,Stillbirth,Sisterhood,Koffee strangles Maybelle,Terrance is fired,FREE,Koffee punches Terrance,Missing person is reported for Koffee,Birthday party,Circle ending,Impulsive breakup,Koffee wrestles an alligator,"Babies think ""This is ravioli approved""",Blueberry pie,Opera scene,"""You're one in a million.""",Bloodbend,Ear piercings disappear
1,LOSER,Stewart is a psychopath,Allergic reactions,Surgical catastrophe,Koffee does not qualify in NHFP,Promise to see each other again,Enchanted rubies,Manipulation,Maybelle falls ill,Amputations,Sex scene,Basil wins the lottery,Ichor clan involvement,FREE,Koffee and Terrance get engaged,Blackmail,Cliff scenes,Rich family,First kiss,Third act break up,Addiction,Guilt,Opal Festival,Maybelle is captured,Terrance dyes his hair purple,House fire
22,LOSER,Stillbirth,"Babies think ""This is ravioli approved""",House fire,They all become doctors,Koffee wrestles an alligator,Infidelity,Homocide,Breakfast scene,Cliff scenes,Insomnia,Morgan institute loses its reputation,Solar dies,FREE,Alien goddess,Koffee strangles Maybelle,Terrance does not qualify in NHFP,First kiss,Terrance goes to jail,Cheating,You homewrecker!,Koffee and Terrance get engaged,Basil wins the lottery,Koffee is fired,Maybelle falls ill,Blindness
8,LOSER,Opal Festival,Impulsive breakup,French kiss,Terrance is fired,Opera scene,Religious cult,Terrance dyes his hair purple,Over twenty fetuses are aborted,Cliff scenes,Rina has a daughter,Birthday party,Third act break up,FREE,Nova dies,Car accident,Koffee is fired,First kiss,Maybelle falls ill,Insomnia,Crucifying to a picnic table,They all become doctors,Solar dies,Basil wins the lottery,Promise to see each other again,Summer festival
20,LOSER,Maybelle falls ill,Drunk boys at prom,Allergic reactions,Terrance is arrested,Koffee graduates,Amputations,Blindness,Corrupt local government,Maybelle is captured,Pregancies,Impulsive breakup,Alien invasion,FREE,Missing person is reported for Koffee,Terrance does not qualify in NHFP,French kiss,Ichor clan involvement,They all become doctors,Long distance relationship,Wedding ceremony,Rina has a daughter,Enchanted opals,Pill magic,Solar dies,Koffee does not qualify in NHFP
23,LOSER,Mock exam scene,Maybelle is captured,Maybelle falls ill,Nessa dies,Surgical catastrophe,Long distance relationship,French kiss,"""You owe it to yourself to love yourself more.""",Blueberry pie,Promise to see each other again,Character is struck by lightening,Illegal human experiments,FREE,Five year time skip,Circle ending,Hero dies,Beach breakup,Poverty,Enchanted rubies,Koffee loses an ear,Amputations,Third act break up,Allergic reactions,Cheating,House fire
19,LOSER,Hair chopping scene,Summer festival,Wedding ceremony,Mad scientists,French kiss,Sex scene,Amputations,Impulsive breakup,You homewrecker!,Cheating,Terrance nearly files missing person report,Basil wins the lottery,FREE,Nova dies,First kiss,Beach breakup,Enchanted rubies,Terrance goes to jail,Koffee has an arrest warrant,Blindness,Allergic reactions,Maybelle dies,Five year time skip,Ghosting,Nessa dies
7,LOSER,Crucifying to a picnic table,"3 tortured, naked men",Slapping,Ravioli approved,Hero dies,Mommy issues,Stillbirth,Mock exam scene,Koffee graduates,Terrance is fired,Long distance relationship,Solar dies,FREE,Poverty,Koffee punches Terrance,Basil wins the lottery,Amelia steps down as medical director,Missing person is reported for Koffee,Summer festival,Birthday party,Allergic reactions,Terrance is arrested,Maybelle falls ill,Third act break up,Infidelity
25,LOSER,Pregancies,Child abuse,Solar dies,Addiction,Opal Festival,Mock exam scene,Five year time skip,Terrance is arrested,Stillbirth,Koffee quits healing,House fire,Homocide,FREE,Infidelity,Promise to see each other again,Hero dies,Birthday party,Surgical catastrophe,Adopted family,Summer festival,"3 tortured, naked men",Blueberry pie,Poverty,Ichor clan involvement,Maybelle dies
18,LOSER,Sex scene,Amelia steps down as medical director,Wedding ceremony,Child abuse,Summer festival,Solar gets poisoned,Impulsive breakup,It was all a dream,Promise to see each other again,Daddy issues,They all become doctors,Allergic reactions,FREE,Opal Festival,Hero dies,Infidelity,Basil wins the lottery,Broad shoulders,Therapy,First kiss,Sisterhood,Circle ending,Koffee has an arrest warrant,Koffee wrestles an alligator,Mock exam scene
24,LOSER,Pill magic,Sex scene,Manipulation,Nessa dies,Missing person is reported for Koffee,I will give this book a 5 stars on goodreads,Stillbirth,Koffee graduates,Morgan institute loses its reputation,Ghosting,House fire,Terrance is fired,FREE,Maybelle is stabbed,First kiss,Drunk boys at prom,Poverty,Corrupt local government,Terrance nearly files missing person report,Impulsive breakup,Insomnia,Birthday party,Amputations,Terrance punches Nessa,Rina has a daughter
16,LOSER,Stabbing,Hero dies,Ichor clan involvement,Maybelle dies,Infidelity,Rina has a daughter,Library date,Poisoning,Ear piercings disappear,Blueberry pie,Koffee does not qualify in NHFP,Blindness,FREE,Long distance relationship,Terrance nearly files missing person report,Enchanted rubies,Amputations,Nessa dies,Maybelle is captured,Sex scene,Broad shoulders,Koffee drops out of school,Morgan institute loses its reputation,Terrance goes to jail,Daddy issues
17,LOSER,Summer festival,Daddy issues,Long distance relationship,Flow Reblance Manuever is awarded,Basil wins the lottery,Corrupt local government,Maybelle is captured,Cliff scenes,Terrance goes to jail,Solar dies,Ichor clan involvement,Prodigies,FREE,Koffee is fired,"Babies think ""This is ravioli approved""","""You're one in a million.""",Five year time skip,Maybelle falls ill,Rina has a daughter,Nessa dies,Wedding ceremony,Blindness,Amputations,Birthday party,Opera scene
3,LOSER,Car accident,Rina has a daughter,Allergic reactions,Koffee wrestles an alligator,Wedding ceremony,Pristine District is under attack,They all become doctors,Koffee graduates,Summer festival,Long distance relationship,Rich family,Koffee has an arrest warrant,FREE,Hero dies,Pill magic,Five year time skip,Drunk scenes,Impulsive breakup,Surgical catastrophe,Terrance goes to jail,Koffee is fired,Maybelle is captured,French kiss,Guilt,Blueberry pie
21,LOSER,Terrance dyes his hair purple,Rina has a daughter,Stabbing,Addiction,Terrance does not qualify in NHFP,Car accident,Maybelle is captured,Koffee is fired,Impulsive breakup,Cliff scenes,"""You're one in a million.""",Adopted family,FREE,Koffee punches Terrance,Hair chopping scene,Terrance is arrested,Amputations,Maybelle is stabbed,Alien invasion,Stillbirth,Surgical catastrophe,Birthday party,Blindness,Daddy issues,Opal Festival
10,LOSER,I will give this book a 5 stars on goodreads,Blueberry pie,Summer festival,Opal Festival,Nessa dies,First kiss,Enchanted opals,Five year time skip,It was all a dream,Circle ending,Enchanted rubies,Blindness,FREE,"""You're one in a million.""",Amputations,Infidelity,They all become doctors,Impulsive breakup,"""You owe it to yourself to love yourself more.""",Birthday party,Cheating,Mommy issues,Stillbirth,Drunk scenes,Terrance is fired
6,LOSER,Ruby Festival,Corrupt local government,Religious cult,Allergic reactions,Birthday party,Terrance goes to jail,Opal Festival,"Babies think ""This is ravioli approved""",Terrance dyes his hair purple,Library date,Protagonist death,First kiss,FREE,Beach breakup,Basil wins the lottery,Terrance does not qualify in NHFP,Ear piercings disappear,Koffee quits healing,Amelia steps down as medical director,Poverty,Flow Reblance Manuever is awarded,Ravioli approved,Hero dies,Koffee drops out of school,"""You're one in a million."""
9,LOSER,Terrance goes to jail,Birthday party,Homocide,Amelia steps down as medical director,Terrance is fired,Blueberry pie,Addiction,Alien invasion,Cliff scenes,Koffee graduates,Corrupt local government,Manipulation,FREE,Mock exam scene,House fire,Slapping,Hair chopping scene,Terrorist attacks,Sisterhood,Nessa dies,Terrance is arrested,Infidelity,It was all a dream,Maybelle dies,Ichor clan involvement
